{
  "config_hash": "417694947c29e269",
  "n_docs": 300,
  "n_views": 2400,
  "K": 8,
  "compressor": "extractive-sumbasic-v1",
  "split_sizes": {
    "train": 1680,
    "val": 360,
    "test": 360
  },
  "bucket_distribution": {
    "early": 900,
    "mid": 600,
    "late": 900
  },
  "chance": {
    "exact_k": 0.125,
    "bucket_uniform": 0.3333333333333333,
    "bucket_majority": 0.375
  },
  "tiers": {
    "tier_a": {
      "logreg": {
        "exact_k": {
          "accuracy": 0.2833333333333333,
          "macro_f1": 0.2512604355076869,
          "acc_within_1": 0.5583333333333333,
          "confusion_matrix": [
            [
              24,
              8,
              2,
              4,
              5,
              1,
              1,
              0
            ],
            [
              15,
              9,
              3,
              8,
              5,
              3,
              1,
              1
            ],
            [
              15,
              3,
              3,
              8,
              6,
              4,
              1,
              5
            ],
            [
              14,
              3,
              2,
              7,
              6,
              2,
              5,
              6
            ],
            [
              7,
              7,
              2,
              5,
              8,
              5,
              7,
              4
            ],
            [
              6,
              3,
              0,
              9,
              5,
              3,
              14,
              5
            ],
            [
              3,
              3,
              2,
              3,
              4,
              2,
              13,
              15
            ],
            [
              0,
              0,
              0,
              1,
              0,
              1,
              8,
              35
            ]
          ],
          "val_accuracy": 0.26666666666666666
        },
        "bucket": {
          "val_accuracy": 0.6277777777777778,
          "test_accuracy": 0.6
        },
        "norm_position_r2": 0.17104534653639958
      }
    },
    "tier_b": {
      "linear": {
        "exact_k": {
          "accuracy": 0.15833333333333333,
          "macro_f1": 0.15522713187050088,
          "acc_within_1": 0.41388888888888886,
          "confusion_matrix": [
            [
              9,
              5,
              8,
              6,
              5,
              8,
              2,
              2
            ],
            [
              6,
              3,
              7,
              6,
              4,
              9,
              5,
              5
            ],
            [
              8,
              0,
              12,
              5,
              2,
              6,
              7,
              5
            ],
            [
              8,
              2,
              11,
              4,
              3,
              9,
              5,
              3
            ],
            [
              4,
              6,
              2,
              3,
              6,
              10,
              10,
              4
            ],
            [
              2,
              3,
              4,
              3,
              8,
              5,
              9,
              11
            ],
            [
              4,
              1,
              7,
              3,
              5,
              8,
              9,
              8
            ],
            [
              1,
              2,
              5,
              5,
              8,
              6,
              9,
              9
            ]
          ],
          "val_accuracy": 0.18055555555555555
        },
        "bucket": {
          "val_accuracy": 0.4361111111111111,
          "test_accuracy": 0.43333333333333335
        },
        "norm_position_r2": -0.21969159153780793
      },
      "mlp": {
        "exact_k": {
          "accuracy": 0.18333333333333332,
          "macro_f1": 0.1777427640440376,
          "acc_within_1": 0.4305555555555556,
          "confusion_matrix": [
            [
              9,
              5,
              4,
              6,
              6,
              6,
              4,
              5
            ],
            [
              5,
              8,
              4,
              6,
              7,
              7,
              5,
              3
            ],
            [
              6,
              7,
              3,
              5,
              7,
              5,
              5,
              7
            ],
            [
              4,
              5,
              7,
              5,
              5,
              7,
              8,
              4
            ],
            [
              2,
              5,
              3,
              5,
              6,
              7,
              9,
              8
            ],
            [
              1,
              5,
              7,
              7,
              4,
              4,
              11,
              6
            ],
            [
              2,
              1,
              7,
              3,
              3,
              6,
              13,
              10
            ],
            [
              1,
              7,
              3,
              2,
              3,
              3,
              8,
              18
            ]
          ],
          "val_accuracy": 0.1638888888888889
        },
        "bucket": {
          "val_accuracy": 0.41944444444444445,
          "test_accuracy": 0.4666666666666667
        },
        "norm_position_r2": -0.21969159153780793
      }
    }
  },
  "gate": {
    "selected_probe": "linear",
    "tier_b_bucket_test_accuracy": 0.43333333333333335,
    "regime": "signal-carrying",
    "provisional": true
  }
}