{
  "config_hash": "9afffbdd9285907b",
  "n_docs": 300,
  "n_views": 2400,
  "K": 8,
  "compressor": "claude-haiku-4-5",
  "split_sizes": {
    "train": 1680,
    "val": 360,
    "test": 360
  },
  "bucket_distribution": {
    "early": 900,
    "mid": 600,
    "late": 900
  },
  "chance": {
    "exact_k": 0.125,
    "bucket_uniform": 0.3333333333333333,
    "bucket_majority": 0.375
  },
  "tiers": {
    "tier_a": {
      "logreg": {
        "exact_k": {
          "accuracy": 0.33055555555555555,
          "macro_f1": 0.31867177298040916,
          "acc_within_1": 0.6694444444444444,
          "confusion_matrix": [
            [
              27,
              9,
              1,
              1,
              4,
              3,
              0,
              0
            ],
            [
              12,
              15,
              5,
              2,
              7,
              3,
              1,
              0
            ],
            [
              8,
              14,
              4,
              2,
              9,
              5,
              3,
              0
            ],
            [
              3,
              4,
              3,
              8,
              11,
              10,
              5,
              1
            ],
            [
              2,
              7,
              3,
              8,
              6,
              8,
              8,
              3
            ],
            [
              2,
              4,
              3,
              4,
              7,
              10,
              13,
              2
            ],
            [
              0,
              0,
              0,
              3,
              7,
              9,
              16,
              10
            ],
            [
              0,
              0,
              0,
              0,
              0,
              1,
              11,
              33
            ]
          ],
          "val_accuracy": 0.3416666666666667
        },
        "bucket": {
          "val_accuracy": 0.6388888888888888,
          "test_accuracy": 0.6722222222222223
        },
        "norm_position_r2": 0.5517282337397047
      }
    },
    "tier_b": {
      "linear": {
        "exact_k": {
          "accuracy": 0.23055555555555557,
          "macro_f1": 0.22685440209638447,
          "acc_within_1": 0.55,
          "confusion_matrix": [
            [
              15,
              10,
              7,
              3,
              2,
              3,
              3,
              2
            ],
            [
              8,
              14,
              10,
              4,
              3,
              2,
              4,
              0
            ],
            [
              7,
              9,
              11,
              7,
              3,
              5,
              2,
              1
            ],
            [
              5,
              10,
              5,
              5,
              9,
              2,
              4,
              5
            ],
            [
              5,
              9,
              6,
              3,
              5,
              7,
              7,
              3
            ],
            [
              2,
              5,
              4,
              6,
              5,
              7,
              13,
              3
            ],
            [
              5,
              3,
              2,
              3,
              4,
              8,
              9,
              11
            ],
            [
              1,
              4,
              2,
              2,
              4,
              5,
              10,
              17
            ]
          ],
          "val_accuracy": 0.21944444444444444
        },
        "bucket": {
          "val_accuracy": 0.49166666666666664,
          "test_accuracy": 0.5444444444444444
        },
        "norm_position_r2": 0.18987639444764215
      },
      "mlp": {
        "exact_k": {
          "accuracy": 0.19166666666666668,
          "macro_f1": 0.18583005061938498,
          "acc_within_1": 0.48333333333333334,
          "confusion_matrix": [
            [
              8,
              11,
              7,
              4,
              5,
              6,
              3,
              1
            ],
            [
              6,
              13,
              8,
              5,
              2,
              1,
              7,
              3
            ],
            [
              5,
              16,
              7,
              5,
              2,
              5,
              3,
              2
            ],
            [
              3,
              13,
              2,
              6,
              8,
              4,
              7,
              2
            ],
            [
              5,
              10,
              6,
              3,
              2,
              7,
              7,
              5
            ],
            [
              5,
              7,
              4,
              1,
              2,
              8,
              11,
              7
            ],
            [
              5,
              4,
              3,
              4,
              3,
              4,
              10,
              12
            ],
            [
              1,
              5,
              3,
              5,
              1,
              5,
              10,
              15
            ]
          ],
          "val_accuracy": 0.18611111111111112
        },
        "bucket": {
          "val_accuracy": 0.525,
          "test_accuracy": 0.5611111111111111
        },
        "norm_position_r2": 0.18987639444764215
      }
    }
  },
  "gate": {
    "selected_probe": "mlp",
    "tier_b_bucket_test_accuracy": 0.5611111111111111,
    "regime": "signal-carrying",
    "provisional": false
  }
}