{
  "config_hash": "5e07ce6679f42e0a",
  "n_docs": 247,
  "n_views": 1974,
  "K": 8,
  "compressor": "claude-haiku-4-5",
  "split_sizes": {
    "train": 1382,
    "val": 296,
    "test": 296
  },
  "bucket_distribution": {
    "early": 739,
    "mid": 494,
    "late": 741
  },
  "chance": {
    "exact_k": 0.125,
    "bucket_uniform": 0.3333333333333333,
    "bucket_majority": 0.375
  },
  "tiers": {
    "tier_a": {
      "logreg": {
        "exact_k": {
          "accuracy": 0.43243243243243246,
          "macro_f1": 0.42580944391350695,
          "acc_within_1": 0.722972972972973,
          "confusion_matrix": [
            [
              23,
              6,
              3,
              2,
              2,
              0,
              0,
              1
            ],
            [
              8,
              13,
              8,
              3,
              3,
              0,
              0,
              2
            ],
            [
              6,
              8,
              10,
              5,
              4,
              2,
              2,
              0
            ],
            [
              1,
              7,
              8,
              8,
              4,
              5,
              3,
              1
            ],
            [
              1,
              3,
              8,
              6,
              8,
              2,
              9,
              0
            ],
            [
              0,
              0,
              3,
              5,
              6,
              14,
              8,
              1
            ],
            [
              0,
              0,
              0,
              2,
              2,
              7,
              23,
              3
            ],
            [
              0,
              0,
              0,
              0,
              0,
              1,
              7,
              29
            ]
          ],
          "val_accuracy": 0.375
        },
        "bucket": {
          "val_accuracy": 0.6722972972972973,
          "test_accuracy": 0.6993243243243243
        },
        "norm_position_r2": 0.5727862908015258
      }
    },
    "tier_b": {
      "linear": {
        "exact_k": {
          "accuracy": 0.24662162162162163,
          "macro_f1": 0.23399807722549873,
          "acc_within_1": 0.543918918918919,
          "confusion_matrix": [
            [
              11,
              9,
              6,
              1,
              3,
              0,
              2,
              5
            ],
            [
              5,
              11,
              9,
              1,
              5,
              2,
              1,
              3
            ],
            [
              4,
              8,
              7,
              3,
              7,
              1,
              2,
              5
            ],
            [
              4,
              4,
              7,
              7,
              7,
              3,
              3,
              2
            ],
            [
              2,
              7,
              4,
              3,
              7,
              4,
              2,
              8
            ],
            [
              4,
              1,
              3,
              9,
              1,
              3,
              6,
              10
            ],
            [
              4,
              0,
              3,
              2,
              0,
              8,
              6,
              14
            ],
            [
              1,
              2,
              5,
              1,
              1,
              2,
              4,
              21
            ]
          ],
          "val_accuracy": 0.22972972972972974
        },
        "bucket": {
          "val_accuracy": 0.47635135135135137,
          "test_accuracy": 0.5743243243243243
        },
        "norm_position_r2": -0.022209527458136646
      },
      "mlp": {
        "exact_k": {
          "accuracy": 0.16891891891891891,
          "macro_f1": 0.15750337460212402,
          "acc_within_1": 0.39864864864864863,
          "confusion_matrix": [
            [
              5,
              6,
              12,
              2,
              6,
              0,
              2,
              4
            ],
            [
              4,
              10,
              6,
              4,
              5,
              1,
              2,
              5
            ],
            [
              4,
              6,
              9,
              3,
              5,
              0,
              2,
              8
            ],
            [
              3,
              8,
              10,
              3,
              4,
              0,
              4,
              5
            ],
            [
              6,
              3,
              6,
              2,
              5,
              0,
              9,
              6
            ],
            [
              4,
              6,
              4,
              4,
              3,
              2,
              7,
              7
            ],
            [
              3,
              8,
              7,
              1,
              1,
              0,
              4,
              13
            ],
            [
              1,
              7,
              8,
              4,
              0,
              1,
              4,
              12
            ]
          ],
          "val_accuracy": 0.14189189189189189
        },
        "bucket": {
          "val_accuracy": 0.5168918918918919,
          "test_accuracy": 0.5844594594594594
        },
        "norm_position_r2": -0.022209527458136646
      }
    }
  },
  "gate": {
    "selected_probe": "mlp",
    "tier_b_bucket_test_accuracy": 0.5844594594594594,
    "regime": "signal-carrying",
    "provisional": false
  }
}